Transaction Date,Post Date,Description,Category,Type,Amount,Memo
03/09/2025,03/11/2025,LITTLE ITALY PIZZA,Food & Drink,Sale,-5.08,
03/08/2025,03/10/2025,MTA*NYCT PAYGO,Travel,Sale,-2.90,
03/10/2025,03/10/2025,GRUBHUB*7THSTREETBURGE,Food & Drink,Sale,-24.19,
03/09/2025,03/10/2025,MTA*NYCT PAYGO,Travel,Sale,-2.90,
03/07/2025,03/10/2025,1576 FINEST DELI,Groceries,Sale,-2.24,
03/08/2025,03/10/2025,MTA*NYCT PAYGO,Travel,Sale,-2.90,
03/08/2025,03/10/2025,MTA*NYCT PAYGO,Travel,Sale,-2.90,
03/09/2025,03/10/2025,Whole Foods Market ONE,Groceries,Sale,-29.15,
03/08/2025,03/09/2025,AMAZON MKTPLACE PMTS,Shopping,Return,26.65,
03/07/2025,03/09/2025,MTA*NYCT PAYGO,Travel,Sale,-2.90,
03/06/2025,03/09/2025,MTA*NYCT PAYGO,Travel,Sale,-2.90,
03/08/2025,03/09/2025,MTA*NYCT PAYGO,Travel,Sale,-2.90,
03/05/2025,03/06/2025,APPLE.COM/BILL,Shopping,Sale,-0.99,
03/05/2025,03/05/2025,Whole Foods Market ONE,Groceries,Sale,-17.01,
03/03/2025,03/04/2025,MTA*NYCT PAYGO,Travel,Sale,-2.90,
03/03/2025,03/04/2025,MTA*NYCT PAYGO,Travel,Sale,-2.90,
03/03/2025,03/04/2025,MTA*NYCT PAYGO,Travel,Sale,-2.90,
03/02/2025,03/03/2025,MTA*NYCT PAYGO,Travel,Sale,-2.90,
03/02/2025,03/03/2025,MTA*NYCT PAYGO,Travel,Sale,-2.90,
03/01/2025,03/03/2025,MTA*NYCT PAYGO,Travel,Sale,-2.90,
02/28/2025,03/02/2025,MTA*NYCT PAYGO,Travel,Sale,-2.90,
03/01/2025,03/02/2025,SQ *NASSAU STREET,Groceries,Sale,-3.51,
02/27/2025,03/02/2025,MTA*NYCT PAYGO,Travel,Sale,-2.90,
03/01/2025,03/02/2025,SQ *RED HOOK COFFEE SHOP,Food & Drink,Sale,-7.26,
02/28/2025,03/02/2025,MTA*NYCT PAYGO,Travel,Sale,-2.90,
03/01/2025,03/02/2025,FERRYHOUSE CAFE,Shopping,Sale,-3.49,
03/01/2025,03/02/2025,SQ *WIDOW JANE DISTILLERI,Groceries,Sale,-7.43,
02/28/2025,02/28/2025,AUTOMATIC PAYMENT - THANK,,Payment,639.13,
02/26/2025,02/28/2025,MTA*NYCT PAYGO,Travel,Sale,-2.90,
02/28/2025,02/28/2025,TST*JOJU 10028,Food & Drink,Sale,-19.54,
02/28/2025,02/28/2025,Prime Video *QZ18K6WE3,Shopping,Sale,-2.99,
02/26/2025,02/28/2025,MTA*NYCT PAYGO,Travel,Sale,-2.90,
02/24/2025,02/26/2025,MTA*NYCT PAYGO,Travel,Sale,-2.90,
02/24/2025,02/25/2025,MTA*NYCT PAYGO,Travel,Sale,-2.90,
02/24/2025,02/25/2025,MTA*NYCT PAYGO,Travel,Sale,-2.90,
02/23/2025,02/24/2025,MTA*NYCT PAYGO,Travel,Sale,-2.90,
02/23/2025,02/24/2025,MTA*NYCT PAYGO,Travel,Sale,-2.90,
02/23/2025,02/24/2025,Prime Video *9H43W9DN3,Shopping,Sale,-2.99,
02/22/2025,02/23/2025,MTA*NYCT PAYGO,Travel,Sale,-2.90,
02/22/2025,02/23/2025,MTA*NYCT PAYGO,Travel,Sale,-2.90,
02/22/2025,02/23/2025,TST* TM7 - JONNY'S PIZZA,Food & Drink,Sale,-6.80,
02/22/2025,02/23/2025,GRUBHUB*KOBAKOREANBBQ,Food & Drink,Sale,-14.02,
02/22/2025,02/23/2025,MTA*NYCT PAYGO,Travel,Sale,-2.90,
02/21/2025,02/23/2025,MTA*NYCT PAYGO,Travel,Sale,-2.90,
02/22/2025,02/23/2025,MTA*NYCT PAYGO,Travel,Sale,-2.90,
02/22/2025,02/23/2025,SQ *NASSAU STREET,Groceries,Sale,-5.50,
02/19/2025,02/20/2025,MTA*NYCT PAYGO,Travel,Sale,-2.90,
02/20/2025,02/20/2025,AMAZON PRIME*ED6BC1EJ3,Bills & Utilities,Sale,-16.41,
02/19/2025,02/20/2025,OURARING INC.,Shopping,Sale,-5.99,
02/19/2025,02/20/2025,Whole Foods Market ONE,Groceries,Sale,-38.22,
02/14/2025,02/16/2025,JFK T5 FC H AND H BAGELS,Food & Drink,Sale,-11.22,
02/15/2025,02/16/2025,JetBlue Gate Retail,Groceries,Sale,-7.00,
02/13/2025,02/16/2025,MTA*NYCT PAYGO,Travel,Sale,-2.10,
02/13/2025,02/14/2025,AMAZON MKTPL*NO93D91Y3,Shopping,Sale,-24.49,
02/13/2025,02/14/2025,SQ *PEDRO'S FLOWER SHOP,Shopping,Sale,-27.00,
02/14/2025,02/14/2025,Subway 62296,Food & Drink,Sale,-8.70,
02/12/2025,02/13/2025,WHOLEFDS ONE #10696,Groceries,Sale,-13.58,
02/12/2025,02/13/2025,AMAZON MKTPL*YR5P46EE3,Shopping,Sale,-112.65,
02/11/2025,02/12/2025,MTA*NYCT PAYGO,Travel,Sale,-2.90,
02/11/2025,02/12/2025,Whole Foods Market ONE,Groceries,Sale,-19.32,
02/10/2025,02/12/2025,MTA*NYCT PAYGO,Travel,Sale,-2.90,
02/10/2025,02/12/2025,MTA*NYCT PAYGO,Travel,Sale,-2.90,
02/10/2025,02/11/2025,PICK A BAGEL ON SECOND,Food & Drink,Sale,-5.72,
02/09/2025,02/10/2025,SQ *DEAR COFFEE,Food & Drink,Sale,-6.99,
02/09/2025,02/10/2025,LSU Angelina Paris  Le,Food & Drink,Sale,-3.48,
02/09/2025,02/10/2025,MTA*NYCT PAYGO,Travel,Sale,-2.90,
02/09/2025,02/10/2025,MTA*NYCT PAYGO,Travel,Sale,-2.90,
02/09/2025,02/10/2025,MTA*NYCT PAYGO,Travel,Sale,-2.90,
02/09/2025,02/10/2025,MTA*NYCT PAYGO,Travel,Sale,-2.90,
02/09/2025,02/10/2025,SQ *FAST &amp; BUY HALAL FOOD,Food & Drink,Sale,-3.27,
02/08/2025,02/09/2025,MTA*NYCT PAYGO,Travel,Sale,-2.90,
02/07/2025,02/09/2025,MTA*NYCT PAYGO,Travel,Sale,-2.90,
02/07/2025,02/09/2025,MTA*NYCT PAYGO,Travel,Sale,-2.90,
02/08/2025,02/09/2025,MTA*NYCT PAYGO,Travel,Sale,-2.90,
02/08/2025,02/09/2025,SQ *BALANCERO,Food & Drink,Sale,-5.36,
02/05/2025,02/06/2025,APPLE.COM/BILL,Shopping,Sale,-0.99,
02/05/2025,02/06/2025,SQ *NASSAU STREET,Groceries,Sale,-7.99,
02/04/2025,02/05/2025,LEMOMO (CHINATOWN),Food & Drink,Sale,-8.71,
02/03/2025,02/04/2025,MTA*NYCT PAYGO,Travel,Sale,-2.90,
02/03/2025,02/04/2025,MTA*NYCT PAYGO,Travel,Sale,-2.90,
02/03/2025,02/04/2025,MTA*NYCT PAYGO,Travel,Sale,-2.90,
02/02/2025,02/04/2025,TST*ROWDY ROOSTER MIDTOW,Food & Drink,Sale,-26.13,
02/03/2025,02/04/2025,MTA*NYCT PAYGO,Travel,Sale,-2.10,
02/02/2025,02/03/2025,MTA*NYCT PAYGO,Travel,Sale,-2.90,
02/02/2025,02/03/2025,MTA*NYCT PAYGO,Travel,Sale,-2.90,
02/02/2025,02/03/2025,MTA*NYCT PAYGO,Travel,Sale,-2.90,
02/01/2025,02/03/2025,TST*7TH STREET BURGER -,Food & Drink,Sale,-26.02,
02/02/2025,02/03/2025,MTA*NYCT PAYGO,Travel,Sale,-2.90,
02/02/2025,02/03/2025,SQ *THINK SOHO,Groceries,Sale,-6.39,
02/02/2025,02/03/2025,WINFIELD COFFEE- 86TH,Food & Drink,Sale,-4.07,
01/31/2025,02/02/2025,CTLP*Sunstar Vending I,Food & Drink,Sale,-5.00,
01/31/2025,02/02/2025,WHOLEFDS UES #10518,Groceries,Sale,-97.58,
01/31/2025,02/02/2025,CTLP*Sunstar Vending I,Entertainment,Sale,-5.00,
01/31/2025,02/02/2025,CTLP*Sunstar Vending I,Entertainment,Sale,-5.00,
01/30/2025,02/02/2025,TARGET        00032771,Shopping,Sale,-10.98,
01/31/2025,02/02/2025,FAIRWAY MARKET OF 86TH,Groceries,Sale,-6.99,
01/30/2025,02/02/2025,MTA*NYCT PAYGO,Travel,Sale,-2.90,
01/30/2025,02/02/2025,MTA*NYCT PAYGO,Travel,Sale,-2.90,
01/31/2025,02/02/2025,MTA*NYCT PAYGO,Travel,Sale,-2.90,
01/31/2025,02/02/2025,MTA*NYCT PAYGO,Travel,Sale,-2.90,
01/31/2025,02/02/2025,CTLP*Sunstar Vending I,Food & Drink,Sale,-2.00,
01/31/2025,01/31/2025,AUTOMATIC PAYMENT - THANK,,Payment,956.09,
01/28/2025,01/30/2025,MTA*NYCT PAYGO,Travel,Sale,-2.90,
01/28/2025,01/30/2025,MTA*NYCT PAYGO,Travel,Sale,-2.90,
01/29/2025,01/30/2025,AMAZON MKTPLACE PMTS,Shopping,Return,76.38,
01/27/2025,01/29/2025,MTA*NYCT PAYGO,Travel,Sale,-2.90,
01/27/2025,01/29/2025,MTA*NYCT PAYGO,Travel,Sale,-2.90,
01/27/2025,01/29/2025,MTA*NYCT PAYGO,Travel,Sale,-2.90,
01/26/2025,01/28/2025,MTA*NYCT PAYGO,Travel,Sale,-2.90,
01/26/2025,01/28/2025,CHIPOTLE MEX GR ONLINE,Food & Drink,Return,29.61,
01/26/2025,01/28/2025,CHIPOTLE MEX GR ONLINE,Food & Drink,Sale,-29.61,
01/25/2025,01/28/2025,Prime Video *ZC90B6RX2,Shopping,Sale,-3.59,
01/25/2025,01/26/2025,Whole Foods Market ONE,Groceries,Sale,-10.79,
01/23/2025,01/24/2025,Whole Foods Market ONE,Groceries,Sale,-28.06,
01/22/2025,01/24/2025,MTA*NYCT PAYGO,Travel,Sale,-2.90,
01/22/2025,01/24/2025,MTA*NYCT PAYGO,Travel,Sale,-2.90,
01/22/2025,01/23/2025,MTA*NYCT PAYGO,Travel,Sale,-2.90,
01/21/2025,01/23/2025,1576 FINEST DELI,Groceries,Sale,-11.22,
01/22/2025,01/23/2025,Whole Foods Market ONE,Groceries,Sale,-13.97,
01/20/2025,01/21/2025,MTA*NYCT PAYGO,Travel,Sale,-2.10,
01/20/2025,01/21/2025,MTA*NYCT PAYGO,Travel,Sale,-2.90,
01/20/2025,01/21/2025,MTA*NYCT PAYGO,Travel,Sale,-2.90,
01/20/2025,01/21/2025,MTA*NYCT PAYGO,Travel,Sale,-2.90,
01/19/2025,01/20/2025,OURARING INC.,Shopping,Sale,-5.99,
01/19/2025,01/20/2025,Whole Foods Market ONE,Groceries,Sale,-25.39,
01/19/2025,01/20/2025,MTA*NYCT PAYGO,Travel,Sale,-2.90,
01/19/2025,01/20/2025,MTA*NYCT PAYGO,Travel,Sale,-2.90,
01/19/2025,01/20/2025,MTA*NYCT PAYGO,Travel,Sale,-2.90,
01/20/2025,01/20/2025,Amazon Prime*ZC5PT3F22,Bills & Utilities,Sale,-16.41,
01/17/2025,01/19/2025,MTA*NYCT PAYGO,Travel,Sale,-2.90,
01/18/2025,01/19/2025,MTA*NYCT PAYGO,Travel,Sale,-2.90,
01/18/2025,01/19/2025,MTA*NYCT PAYGO,Travel,Sale,-2.90,
01/18/2025,01/19/2025,MTA*NYCT PAYGO,Travel,Sale,-2.90,
01/17/2025,01/19/2025,Whole Foods Market ONE,Groceries,Sale,-16.06,
01/15/2025,01/17/2025,MTA*NYCT PAYGO,Travel,Sale,-2.90,
01/09/2025,01/10/2025,RALPHS #0080,Groceries,Sale,-9.99,
01/06/2025,01/07/2025,APPLE.COM/BILL,Shopping,Sale,-0.99,
01/05/2025,01/06/2025,COCA COLA COACHELLA,Food & Drink,Sale,-3.50,
01/04/2025,01/05/2025,GEICO  *AUTO,Bills & Utilities,Sale,-170.31,
01/03/2025,01/05/2025,Prime Video *ZP8RF1V40,Shopping,Sale,-3.99,
01/01/2025,01/01/2025,AUTOMATIC PAYMENT - THANK,,Payment,64.24,
12/21/2024,12/22/2024,AMAZON MKTPL*ZE16K8OB2,Shopping,Sale,-26.91,
12/20/2024,12/22/2024,Nyx*VendPro Inc,Food & Drink,Sale,-2.50,
12/21/2024,12/22/2024,AMAZON MKTPL*Z92UR1V50,Shopping,Sale,-21.52,
12/19/2024,12/20/2024,CSC SERVICEWORK,Food & Drink,Sale,-2.50,
12/20/2024,12/20/2024,Amazon Prime*Z184Y2741,Bills & Utilities,Sale,-16.41,
12/19/2024,12/20/2024,OURARING INC.,Shopping,Sale,-5.99,
12/18/2024,12/19/2024,CSC SERVICEWORK,Food & Drink,Sale,-2.50,
12/18/2024,12/19/2024,Nyx*NAYAX VENDING 49,Food & Drink,Sale,-2.00,
12/15/2024,12/16/2024,MTA*NYCT PAYGO,Travel,Sale,-2.90,
12/15/2024,12/16/2024,MTA*NYCT PAYGO,Travel,Sale,-2.90,
12/15/2024,12/16/2024,MTA*NYCT PAYGO,Travel,Sale,-2.90,
12/14/2024,12/15/2024,NJT RAIL MY-TIX,Travel,Sale,-17.50,
12/13/2024,12/15/2024,MTA*NYCT PAYGO,Travel,Sale,-2.90,
12/14/2024,12/15/2024,MTA*NYCT PAYGO,Travel,Sale,-2.90,
12/14/2024,12/15/2024,NJT RAIL MY-TIX,Travel,Sale,-17.50,
12/14/2024,12/15/2024,AMAZON MKTPL*ZX7JU99G0,Shopping,Sale,-515.77,
12/14/2024,12/15/2024,GRUBHUB*KOBAKOREANBBQ,Food & Drink,Sale,-8.48,
12/14/2024,12/15/2024,AMAZON MKTPL*ZX3XG0IX0,Shopping,Sale,-185.52,
12/12/2024,12/15/2024,MTA*NYCT PAYGO,Travel,Sale,-2.90,
12/13/2024,12/15/2024,Whole Foods Market ONE,Groceries,Sale,-7.62,
12/11/2024,12/13/2024,MTA*NYCT PAYGO,Travel,Sale,-2.90,
12/11/2024,12/13/2024,MTA*NYCT PAYGO,Travel,Sale,-2.90,
12/10/2024,12/11/2024,Whole Foods Market ONE,Groceries,Sale,-16.75,
12/09/2024,12/10/2024,AMZN Mktp US*ZX9114JH2,Shopping,Sale,-76.38,
12/08/2024,12/10/2024,MTA*NYCT PAYGO,Travel,Sale,-2.90,
12/08/2024,12/10/2024,MTA*NYCT PAYGO,Travel,Sale,-2.90,
12/08/2024,12/10/2024,FULTON ST CONVENIENCE,Groceries,Sale,-2.60,
12/07/2024,12/09/2024,Whole Foods Market ONE,Groceries,Sale,-36.42,
12/08/2024,12/09/2024,CHIPOTLE ONLINE,Food & Drink,Sale,-12.19,
12/07/2024,12/09/2024,MTA*NYCT PAYGO,Travel,Sale,-2.90,
12/06/2024,12/08/2024,Whole Foods Market ONE,Groceries,Sale,-10.47,
12/07/2024,12/08/2024,MTA*NYCT PAYGO,Travel,Sale,-2.90,
12/07/2024,12/08/2024,SQ *NASSAU STREET,Groceries,Sale,-7.00,
12/06/2024,12/08/2024,MTA*NYCT PAYGO,Travel,Sale,-2.90,
12/05/2024,12/06/2024,Whole Foods Market ONE,Groceries,Sale,-7.42,
12/04/2024,12/06/2024,MTA*NYCT PAYGO,Travel,Sale,-2.90,
12/04/2024,12/05/2024,GEICO  *AUTO,Bills & Utilities,Sale,-19.53,
12/02/2024,12/04/2024,MTA*NYCT PAYGO,Travel,Sale,-2.90,
12/02/2024,12/03/2024,MTA*NYCT PAYGO,Travel,Sale,-2.90,
12/02/2024,12/03/2024,SQ *L?INDUSTRIE PIZZERIA,Food & Drink,Sale,-6.26,
12/02/2024,12/02/2024,Payment Thank You-Mobile,,Payment,951.99,
12/01/2024,12/02/2024,Whole Foods Market ONE,Groceries,Sale,-11.29,
12/01/2024,12/02/2024,MTA*NYCT PAYGO,Travel,Sale,-2.90,
12/01/2024,12/02/2024,MTA*NYCT PAYGO,Travel,Sale,-2.90,
11/29/2024,12/01/2024,H&amp;M  0024ELIZABETH,Shopping,Sale,-35.09,
11/27/2024,11/28/2024,MTA*NYCT PAYGO,Travel,Sale,-2.90,
11/26/2024,11/28/2024,MTA*NYCT PAYGO,Travel,Sale,-2.90,
11/27/2024,11/28/2024,NJT RAIL MY-TIX,Travel,Sale,-36.80,
11/23/2024,11/25/2024,MTA*NYCT PAYGO,Travel,Sale,-2.90,
11/23/2024,11/25/2024,MTA*NYCT PAYGO,Travel,Sale,-2.90,
11/24/2024,11/25/2024,MTA*NYCT PAYGO,Travel,Sale,-2.90,
11/24/2024,11/25/2024,MTA*NYCT PAYGO,Travel,Sale,-2.90,
11/23/2024,11/25/2024,MTA*NYCT PAYGO,Travel,Sale,-2.90,
11/23/2024,11/25/2024,MTA*NYCT PAYGO,Travel,Sale,-2.90,
11/21/2024,11/22/2024,Whole Foods Market ONE,Groceries,Sale,-46.21,
11/20/2024,11/21/2024,MTA*NYCT PAYGO,Travel,Sale,-2.90,
11/19/2024,11/21/2024,MTA*NYCT PAYGO,Travel,Sale,-2.90,
11/19/2024,11/20/2024,OURARING INC.,Shopping,Sale,-5.99,
11/20/2024,11/20/2024,Amazon Prime*1126J45L3,Bills & Utilities,Sale,-16.41,
11/19/2024,11/19/2024,Whole Foods Market ONE,Groceries,Sale,-9.91,
11/18/2024,11/19/2024,Whole Foods Market ONE,Groceries,Sale,-8.04,
11/16/2024,11/18/2024,SP FUNNY FACE,Food & Drink,Sale,-6.53,
11/17/2024,11/18/2024,MTA*NYCT PAYGO,Travel,Sale,-2.90,
11/17/2024,11/18/2024,MTA*NYCT PAYGO,Travel,Sale,-2.90,
11/17/2024,11/18/2024,MTA*NYCT PAYGO,Travel,Sale,-2.90,
11/15/2024,11/17/2024,SQ *PEDRO'S FLOWER SHOP,Shopping,Sale,-9.00,
11/14/2024,11/17/2024,MTA*NYCT PAYGO,Travel,Sale,-2.90,
11/17/2024,11/17/2024,Prime Video *JN44X5TH3,Shopping,Sale,-3.99,
11/15/2024,11/17/2024,MTA*NYCT PAYGO,Travel,Sale,-2.90,
11/14/2024,11/17/2024,MTA*NYCT PAYGO,Travel,Sale,-2.90,
11/16/2024,11/17/2024,MTA*NYCT PAYGO,Travel,Sale,-2.10,
11/16/2024,11/17/2024,MTA*NYCT PAYGO,Travel,Sale,-2.90,
11/16/2024,11/17/2024,FAIRWAY MARKET OF 86TH,Groceries,Sale,-1.82,
11/16/2024,11/17/2024,MTA*NYCT PAYGO,Travel,Sale,-2.90,
11/12/2024,11/14/2024,MTA*NYCT PAYGO,Travel,Sale,-2.90,
11/12/2024,11/14/2024,MTA*NYCT PAYGO,Travel,Sale,-2.90,
11/11/2024,11/12/2024,MTA*NYCT PAYGO,Travel,Sale,-2.90,
11/11/2024,11/11/2024,AUTOMATIC PAYMENT - THANK,,Payment,594.25,
11/10/2024,11/11/2024,MTA*NYCT PAYGO,Travel,Sale,-2.90,
11/10/2024,11/11/2024,MTA*NYCT PAYGO,Travel,Sale,-2.90,
11/10/2024,11/11/2024,AMAZON MKTPL*ES3FP2HY3,Shopping,Sale,-14.01,
11/10/2024,11/11/2024,MTA*NYCT PAYGO,Travel,Sale,-2.90,
11/10/2024,11/11/2024,AMZN Mktp US*QL25Z1G73,Shopping,Sale,-25.04,
11/09/2024,11/10/2024,MTA*NYCT PAYGO,Travel,Sale,-2.90,
11/08/2024,11/10/2024,CVS/PHARMACY #02716,Health & Wellness,Sale,-20.88,
11/08/2024,11/10/2024,HAPPY MEDIUM,Entertainment,Sale,-28.00,
11/09/2024,11/10/2024,MTA*NYCT PAYGO,Travel,Sale,-2.90,
11/08/2024,11/10/2024,MTA*NYCT PAYGO,Travel,Sale,-2.90,
11/08/2024,11/10/2024,SQ *FRITZ &amp; FRAULEIN,Groceries,Sale,-26.13,
11/07/2024,11/10/2024,MTA*NYCT PAYGO,Travel,Sale,-2.90,
11/08/2024,11/10/2024,MTA*NYCT PAYGO,Travel,Sale,-2.90,
11/07/2024,11/10/2024,MTA*NYCT PAYGO,Travel,Sale,-2.90,
11/09/2024,11/10/2024,MTA*NYCT PAYGO,Travel,Sale,-2.10,
11/09/2024,11/10/2024,EATALY NY CATAPULT,Groceries,Sale,-17.90,
11/07/2024,11/08/2024,MTA*NYCT PAYGO,Travel,Sale,-2.90,
11/05/2024,11/06/2024,MTA*NYCT PAYGO,Travel,Sale,-2.90,
11/05/2024,11/06/2024,BODYWORKS DW,Health & Wellness,Sale,-155.25,
11/04/2024,11/06/2024,7-ELEVEN 38310,Gas,Sale,-6.79,
11/04/2024,11/05/2024,MTA*NYCT PAYGO,Travel,Sale,-2.90,
11/04/2024,11/05/2024,MTA*NYCT PAYGO,Travel,Sale,-2.90,
11/04/2024,11/05/2024,Whole Foods Market ONE,Groceries,Sale,-24.80,
11/04/2024,11/05/2024,MTA*NYCT PAYGO,Travel,Sale,-2.90,
11/04/2024,11/05/2024,GEICO  *AUTO,Bills & Utilities,Sale,-20.41,
10/31/2024,11/03/2024,MTA*NYCT PAYGO,Travel,Sale,-2.90,
11/01/2024,11/03/2024,Whole Foods Market ONE,Groceries,Sale,-6.42,
11/01/2024,11/03/2024,MTA*NYCT PAYGO,Travel,Sale,-2.10,
11/01/2024,11/03/2024,MTA*NYCT PAYGO,Travel,Sale,-2.90,
11/02/2024,11/03/2024,WHOLEFDS ONE #10696,Groceries,Sale,-13.19,
10/31/2024,11/03/2024,MTA*NYCT PAYGO,Travel,Sale,-2.90,
10/31/2024,11/01/2024,MTA*NYCT PAYGO,Travel,Sale,-2.90,
10/30/2024,11/01/2024,MTA*NYCT PAYGO,Travel,Sale,-2.90,
10/31/2024,11/01/2024,MTA*NYCT PAYGO,Travel,Sale,-2.90,
10/29/2024,10/31/2024,MTA*NYCT PAYGO,Travel,Sale,-2.90,
10/29/2024,10/31/2024,MTA*NYCT PAYGO,Travel,Sale,-2.90,
10/27/2024,10/29/2024,MTA*NYCT PAYGO,Travel,Sale,-8.50,
10/28/2024,10/29/2024,MTA*NYCT PAYGO,Travel,Sale,-2.90,
10/28/2024,10/29/2024,Whole Foods Market ONE,Groceries,Sale,-21.86,
10/28/2024,10/29/2024,MTA*NYCT PAYGO,Travel,Sale,-2.90,
10/28/2024,10/29/2024,AMAZON MKTPL*6J0FR4ZZ3,Shopping,Sale,-147.88,
10/27/2024,10/29/2024,MTA*NYCT PAYGO,Travel,Sale,-2.90,
10/23/2024,10/23/2024,FOREIGN TRANSACTION FEE,Fees & Adjustments,Fee,-0.28,
10/22/2024,10/23/2024,UBER *LIME HELP.UBER.COM,Entertainment,Sale,-9.44,
10/21/2024,10/22/2024,Whole Foods UES 10518,Groceries,Sale,-74.84,
10/20/2024,10/21/2024,Amazon Prime*TU1BH3GJ3,Bills & Utilities,Sale,-16.41,
10/19/2024,10/20/2024,OURARING INC.,Shopping,Sale,-5.99,
10/17/2024,10/20/2024,MTA*NYCT PAYGO,Travel,Sale,-8.50,
10/17/2024,10/18/2024,HUDSONNEWS  ST1178,Shopping,Sale,-11.28,
10/13/2024,10/15/2024,Prime Video *0537N19P3,Shopping,Sale,-3.79,
10/13/2024,10/14/2024,Whole Foods Market ONE,Groceries,Sale,-7.15,
10/12/2024,10/14/2024,MTA*NYCT PAYGO,Travel,Sale,-2.90,
10/12/2024,10/14/2024,MTA*NYCT PAYGO,Travel,Sale,-2.90,
10/13/2024,10/14/2024,MTA*NYCT PAYGO,Travel,Sale,-2.90,
10/13/2024,10/14/2024,MTA*NYCT PAYGO,Travel,Sale,-2.90,
10/12/2024,10/14/2024,MTA*NYCT PAYGO,Travel,Sale,-2.90,
10/12/2024,10/14/2024,MTA*NYCT PAYGO,Travel,Sale,-2.90,
10/10/2024,10/13/2024,MTA*NYCT PAYGO,Travel,Sale,-2.90,
10/10/2024,10/13/2024,MTA*NYCT PAYGO,Travel,Sale,-2.90,
10/12/2024,10/13/2024,Whole Foods Market ONE,Groceries,Sale,-9.78,
10/11/2024,10/13/2024,MTA*NYCT PAYGO,Travel,Sale,-2.90,
10/12/2024,10/13/2024,MTA*NYCT PAYGO,Travel,Sale,-2.90,
10/11/2024,10/13/2024,MTA*NYCT PAYGO,Travel,Sale,-2.90,
10/11/2024,10/13/2024,MTA*NYCT PAYGO,Travel,Sale,-2.90,
10/11/2024,10/11/2024,AUTOMATIC PAYMENT - THANK,,Payment,833.61,
10/09/2024,10/11/2024,MTA*NYCT PAYGO,Travel,Sale,-2.90,
10/07/2024,10/09/2024,MTA*NYCT PAYGO,Travel,Sale,-8.50,
10/08/2024,10/09/2024,AMAZON MKTPL*716741RG3,Shopping,Sale,-26.12,
10/07/2024,10/09/2024,MTA*NYCT PAYGO,Travel,Sale,-2.90,
10/07/2024,10/08/2024,MTA*MNR ETIX TICKET,Travel,Sale,-35.50,
10/06/2024,10/08/2024,MTA*NYCT PAYGO,Travel,Sale,-2.90,
10/06/2024,10/07/2024,Whole Foods Market ONE,Groceries,Sale,-5.28,
10/04/2024,10/06/2024,MTA*NYCT PAYGO,Travel,Sale,-2.90,
10/05/2024,10/06/2024,SQ *BROOKLYN CIDER HOUSE,Food & Drink,Sale,-5.32,
10/04/2024,10/06/2024,AMAZON MKTPL*G72BG3K83,Shopping,Sale,-20.68,
10/04/2024,10/06/2024,GEICO  *AUTO,Bills & Utilities,Sale,-40.15,
10/05/2024,10/06/2024,MTA*NYCT PAYGO,Travel,Sale,-2.90,
10/02/2024,10/04/2024,MTA*NYCT PAYGO,Travel,Sale,-2.90,
10/03/2024,10/04/2024,WHOLEFDS ONE #10696,Groceries,Sale,-4.19,
10/03/2024,10/04/2024,CHIPOTLE ONLINE,Food & Drink,Sale,-16.39,
10/03/2024,10/04/2024,Whole Foods Market ONE,Groceries,Sale,-4.19,
10/02/2024,10/04/2024,TST*SOFTSIDE - SPRING ST,Food & Drink,Sale,-11.42,
10/02/2024,10/04/2024,MTA*NYCT PAYGO,Travel,Sale,-2.90,
10/02/2024,10/03/2024,Whole Foods Market ONE,Groceries,Sale,-19.36,
10/02/2024,10/03/2024,CAFE RUMI,Food & Drink,Sale,-7.71,
09/30/2024,10/01/2024,Whole Foods Market ONE,Groceries,Sale,-15.15,
10/01/2024,10/01/2024,Subway 62296,Food & Drink,Sale,-1.94,
09/29/2024,10/01/2024,MTA*NYCT PAYGO,Travel,Sale,-2.90,
09/29/2024,10/01/2024,OMNYPYG*,Travel,Sale,-2.90,
09/30/2024,10/01/2024,NYC CONVENIENCE,Groceries,Sale,-2.03,
09/28/2024,09/30/2024,MTA*NYCT PAYGO,Travel,Sale,-2.90,
09/29/2024,09/30/2024,Prime Video *EW5YS7SL3,Shopping,Sale,-3.99,
09/27/2024,09/29/2024,MTA*NYCT PAYGO,Travel,Sale,-2.90,
09/26/2024,09/27/2024,MTA*NYCT PAYGO,Travel,Sale,-2.90,
09/26/2024,09/27/2024,BABA CONVENIENCE,Groceries,Sale,-6.75,
09/26/2024,09/27/2024,SQ *PEDRO'S FLOWER SHOP,Shopping,Sale,-22.00,
09/24/2024,09/26/2024,MTA*NYCT PAYGO,Travel,Sale,-2.90,
09/24/2024,09/26/2024,MTA*NYCT PAYGO,Travel,Sale,-2.90,
09/24/2024,09/25/2024,DD *DOORDASH 7THSTREET,Food & Drink,Sale,-7.08,
09/24/2024,09/25/2024,MTA*NYCT PAYGO,Travel,Sale,-2.90,
09/23/2024,09/25/2024,MTA*NYCT PAYGO,Travel,Sale,-2.90,
09/24/2024,09/25/2024,MTA*NYCT PAYGO,Travel,Sale,-2.90,
09/23/2024,09/24/2024,MTA*NYCT PAYGO,Travel,Sale,-2.90,
09/23/2024,09/24/2024,Amazon.com*F24Q97K33,Shopping,Sale,-17.41,
09/22/2024,09/23/2024,WHOLEFDS ONE #10696,Groceries,Sale,-6.67,
09/21/2024,09/22/2024,MTA*NYCT PAYGO,Travel,Sale,-2.90,
09/22/2024,09/22/2024,Amazon.com*WT26J0423,Shopping,Sale,-14.14,
09/20/2024,09/22/2024,AMAZON MKTPL*CL6G851Y3,Shopping,Sale,-31.41,
09/21/2024,09/22/2024,MTA*NYCT PAYGO,Travel,Sale,-2.90,
09/20/2024,09/22/2024,MTA*NYCT PAYGO,Travel,Sale,-2.90,
09/21/2024,09/22/2024,MTA*NYCT PAYGO,Travel,Sale,-2.90,
09/20/2024,09/20/2024,Amazon Prime*M366Y5SN3,Bills & Utilities,Sale,-16.41,
09/19/2024,09/20/2024,OURARING INC.,Shopping,Sale,-5.99,
09/18/2024,09/19/2024,AMAZON MKTPL*PB9RS4Z73,Shopping,Sale,-51.72,
09/17/2024,09/18/2024,SQ *PEPPER LUNCH,Food & Drink,Sale,-20.12,
09/16/2024,09/17/2024,MTA*NYCT PAYGO,Travel,Sale,-2.90,
09/15/2024,09/16/2024,MTA*NYCT PAYGO,Travel,Sale,-2.90,
09/15/2024,09/16/2024,MTA*NYCT PAYGO,Travel,Sale,-2.90,
09/16/2024,09/16/2024,LYFT   *RIDE SUN 3AM,Travel,Sale,-17.10,
09/15/2024,09/16/2024,MTA*NYCT PAYGO RECOVER,Travel,Sale,-2.90,
09/15/2024,09/16/2024,MTA*NYCT PAYGO,Travel,Sale,-2.90,
09/15/2024,09/16/2024,MTA*NYCT PAYGO,Travel,Sale,-2.90,
09/15/2024,09/16/2024,MTA*NYCT PAYGO,Travel,Sale,-2.90,
09/10/2024,09/15/2024,MTA*NYCT PAYGO,Travel,Sale,-2.90,
09/11/2024,09/15/2024,MTA*NYCT PAYGO,Travel,Sale,-2.10,
09/14/2024,09/15/2024,MTA*NYCT PAYGO,Travel,Sale,-2.90,
09/13/2024,09/15/2024,MTA*NYCT PAYGO,Travel,Sale,-2.90,
09/14/2024,09/15/2024,MTA*NYCT PAYGO,Travel,Sale,-2.90,
09/13/2024,09/13/2024,LYFT   *CITI BIKE RIDE,Travel,Sale,-5.22,
09/13/2024,09/13/2024,LYFT   *CITI BIKE RIDE,Travel,Sale,-5.22,
09/11/2024,09/11/2024,AUTOMATIC PAYMENT - THANK,,Payment,740.08,
09/09/2024,09/11/2024,MTA*NYCT PAYGO,Travel,Sale,-2.90,
09/10/2024,09/11/2024,CAFE RUMI,Food & Drink,Sale,-7.71,
09/10/2024,09/11/2024,Whole Foods Market ONE,Groceries,Sale,-7.17,
09/10/2024,09/11/2024,PY *SPEAR 30 BRAOD ST,Health & Wellness,Sale,-80.00,
09/09/2024,09/10/2024,MTA*NYCT PAYGO,Travel,Sale,-2.90,
09/08/2024,09/09/2024,MTA*NYCT PAYGO,Travel,Sale,-2.90,
09/07/2024,09/09/2024,2USTENNISB,Food & Drink,Sale,-24.00,
09/07/2024,09/09/2024,1US TENNIS ASC,Food & Drink,Sale,-21.00,
09/07/2024,09/09/2024,2USTENNISB,Food & Drink,Sale,-44.75,
09/07/2024,09/09/2024,SAMUDRA INDIAN RESTAURANT,Food & Drink,Sale,-38.00,
09/08/2024,09/09/2024,MTA*NYCT PAYGO,Travel,Sale,-2.90,
09/08/2024,09/09/2024,SQ *L'INDUSTRIE PIZZA - W,Food & Drink,Sale,-6.26,
09/08/2024,09/09/2024,MTA*NYCT PAYGO,Travel,Sale,-2.90,
09/08/2024,09/09/2024,SQ *L'INDUSTRIE PIZZA - W,Food & Drink,Sale,-35.92,
09/07/2024,09/08/2024,LYFT   *CITI BIKE RIDE,Travel,Sale,-5.22,
09/07/2024,09/08/2024,MTA*NYCT PAYGO,Travel,Sale,-2.90,
09/07/2024,09/08/2024,MTA*NYCT PAYGO,Travel,Sale,-2.90,
09/06/2024,09/08/2024,JACOB NACHUM OD PC,Health & Wellness,Sale,-49.00,
09/07/2024,09/08/2024,MTA*NYCT PAYGO,Travel,Sale,-2.90,
09/07/2024,09/08/2024,MTA*NYCT PAYGO,Travel,Sale,-2.90,
09/06/2024,09/08/2024,MTA*NYCT PAYGO,Travel,Sale,-2.90,
09/06/2024,09/08/2024,JETBLUE     2794452710529,Travel,Sale,-45.00,
09/05/2024,09/06/2024,City of Pasadena  CA Park,Travel,Sale,-2.45,
09/05/2024,09/06/2024,City of Pasadena  CA Park,Travel,Sale,-2.60,
09/05/2024,09/06/2024,SQ *POKE TIKI - IRVINE,Food & Drink,Sale,-15.95,
09/04/2024,09/05/2024,GEICO  *AUTO,Bills & Utilities,Sale,-40.14,
09/03/2024,09/05/2024,DLR SM WD CHURRO,Food & Drink,Sale,-4.75,
09/04/2024,09/05/2024,SQ *PASADENA PLAYHOUSE,Entertainment,Sale,-13.00,
09/04/2024,09/05/2024,HONK PARKING,Travel,Sale,-7.00,
09/03/2024,09/05/2024,DLR COZY CONE MOTEL,Food & Drink,Sale,-6.99,
09/01/2024,09/02/2024,HERMOSA BEACH PARKING,Travel,Sale,-3.00,
08/25/2024,08/27/2024,SAFEWAY #1990,Groceries,Sale,-21.74,
08/22/2024,08/25/2024,MTA*NYCT PAYGO,Travel,Sale,-2.90,
08/24/2024,08/25/2024,Whole Foods SVL 10707,Groceries,Sale,-10.82,
08/22/2024,08/25/2024,MTA*NYCT PAYGO,Travel,Sale,-4.25,
08/21/2024,08/23/2024,MTA*NYCT PAYGO,Travel,Sale,-2.90,
08/21/2024,08/23/2024,MTA*NYCT PAYGO,Travel,Sale,-2.90,
08/21/2024,08/23/2024,MTA*NYCT PAYGO,Travel,Sale,-2.90,
08/21/2024,08/22/2024,Amazon.com*RU6JQ2Y30,Shopping,Sale,-13.14,
08/20/2024,08/22/2024,MTA*NYCT PAYGO,Travel,Sale,-2.90,
08/20/2024,08/22/2024,MTA*NYCT PAYGO,Travel,Sale,-2.90,
08/20/2024,08/21/2024,AMAZON MKTPL*RU0QY7DX0,Shopping,Sale,-19.55,
08/21/2024,08/21/2024,Nintendo CA1257591706,Entertainment,Sale,-65.31,
08/20/2024,08/20/2024,Amazon Prime*RU10U0KK1,Bills & Utilities,Sale,-16.41,
08/19/2024,08/20/2024,OURARING INC.,Shopping,Sale,-5.99,
08/18/2024,08/19/2024,MTA*NYCT PAYGO,Travel,Sale,-2.90,
08/18/2024,08/19/2024,Nintendo CA1256429131,Entertainment,Sale,-65.31,
08/18/2024,08/19/2024,MTA*NYCT PAYGO,Travel,Sale,-2.10,
08/17/2024,08/18/2024,MTA*NYCT PAYGO,Travel,Sale,-2.90,
08/15/2024,08/18/2024,MTA*NYCT PAYGO,Travel,Sale,-2.90,
08/16/2024,08/18/2024,MTA*NYCT PAYGO,Travel,Sale,-2.90,
08/17/2024,08/18/2024,MTA*NYCT PAYGO,Travel,Sale,-2.90,
08/17/2024,08/18/2024,L &amp; P Wines and Liquors,Food & Drink,Sale,-26.12,
08/17/2024,08/18/2024,MTA*NYCT PAYGO,Travel,Sale,-2.90,
08/15/2024,08/18/2024,MTA*NYCT PAYGO,Travel,Sale,-2.90,
08/14/2024,08/16/2024,MTA*NYCT PAYGO,Travel,Sale,-2.90,
08/16/2024,08/16/2024,Whole Foods Market ONE,Groceries,Sale,-18.80,
08/14/2024,08/15/2024,Whole Foods Market ONE,Groceries,Sale,-9.33,
08/13/2024,08/15/2024,MTA*NYCT PAYGO,Travel,Sale,-2.90,
08/14/2024,08/15/2024,DUANE READE #14415,Health & Wellness,Sale,-8.99,
08/13/2024,08/15/2024,MTA*NYCT PAYGO,Travel,Sale,-2.90,
08/13/2024,08/14/2024,NJT RAIL MY-TIX,Travel,Sale,-18.40,
08/13/2024,08/14/2024,MTA*NYCT PAYGO,Travel,Sale,-2.90,
08/10/2024,08/12/2024,MTA*NYCT PAYGO,Travel,Sale,-2.90,
08/10/2024,08/12/2024,MTA*NYCT PAYGO,Travel,Sale,-2.90,
08/11/2024,08/12/2024,NJT RAIL MY-TIX,Travel,Sale,-16.95,
08/11/2024,08/12/2024,MTA*NYCT PAYGO,Travel,Sale,-2.90,
08/10/2024,08/12/2024,MTA*NYCT PAYGO,Travel,Sale,-2.90,
08/11/2024,08/12/2024,MTA*NYCT PAYGO,Travel,Sale,-2.90,
08/10/2024,08/12/2024,MTA*NYCT PAYGO,Travel,Sale,-2.90,
08/11/2024,08/11/2024,AUTOMATIC PAYMENT - THANK,,Payment,632.19,
08/09/2024,08/11/2024,MTA*NYCT PAYGO,Travel,Sale,-2.90,
08/08/2024,08/11/2024,MTA*NYCT PAYGO,Travel,Sale,-2.90,
08/09/2024,08/11/2024,MTA*NYCT PAYGO,Travel,Sale,-2.90,
08/06/2024,08/08/2024,MTA*NYCT PAYGO,Travel,Sale,-2.90,
08/06/2024,08/08/2024,MTA*NYCT PAYGO,Travel,Sale,-2.90,
08/04/2024,08/05/2024,GEICO  *AUTO,Bills & Utilities,Sale,-17.16,
08/04/2024,08/05/2024,Whole Foods Market ONE,Groceries,Sale,-25.13,
08/04/2024,08/05/2024,JOES STEAM RICE ROLL,Food & Drink,Sale,-8.72,
08/03/2024,08/04/2024,SQ *LAZY SUNDAES CANAL ST,Food & Drink,Sale,-7.89,
08/03/2024,08/04/2024,MTA*NYCT PAYGO,Travel,Sale,-2.90,
08/01/2024,08/04/2024,MTA*NYCT PAYGO,Travel,Sale,-2.90,
08/02/2024,08/04/2024,WHOLEFDS ONE #10696,Groceries,Sale,-32.47,
08/03/2024,08/04/2024,MTA*NYCT PAYGO,Travel,Sale,-2.90,
08/03/2024,08/04/2024,JOES PIZZA,Food & Drink,Sale,-6.00,
07/31/2024,08/02/2024,1576 FINEST DELI,Groceries,Sale,-6.47,
08/01/2024,08/02/2024,Whole Foods Market ONE,Groceries,Sale,-23.50,
07/31/2024,08/02/2024,MTA*NYCT PAYGO,Travel,Sale,-2.90,
07/31/2024,08/02/2024,MTA*NYCT PAYGO,Travel,Sale,-2.90,
07/30/2024,08/01/2024,MTA*NYCT PAYGO,Travel,Sale,-2.90,
07/26/2024,07/28/2024,MTA*NYCT PAYGO,Travel,Sale,-2.90,
07/25/2024,07/28/2024,MTA*NYCT PAYGO,Travel,Sale,-2.90,
07/27/2024,07/28/2024,MTA*NYCT PAYGO,Travel,Sale,-2.90,
07/27/2024,07/28/2024,SQ *LITTLE EVA?S,Food & Drink,Sale,-9.80,
07/27/2024,07/28/2024,MTA*NYCT PAYGO,Travel,Sale,-2.90,
07/27/2024,07/28/2024,MTA*NYCT PAYGO,Travel,Sale,-2.10,
07/27/2024,07/28/2024,TM *NY YANKEES SOCCER,Entertainment,Sale,-243.06,
07/26/2024,07/28/2024,MTA*NYCT PAYGO,Travel,Sale,-2.90,
07/26/2024,07/28/2024,MTA*NYCT PAYGO,Travel,Sale,-2.90,
07/24/2024,07/26/2024,MTA*NYCT PAYGO,Travel,Sale,-2.90,
07/24/2024,07/26/2024,MTA*NYCT PAYGO,Travel,Sale,-2.90,
07/23/2024,07/25/2024,MTA*NYCT PAYGO,Travel,Sale,-2.90,
07/25/2024,07/25/2024,Whole Foods Market ONE,Groceries,Sale,-7.99,
07/24/2024,07/25/2024,AMAZON MKTPL*RJ3XI5KJ2,Shopping,Sale,-9.79,
07/23/2024,07/24/2024,MTA*NYCT PAYGO,Travel,Sale,-2.90,
07/23/2024,07/24/2024,OMNYPYG*,Travel,Sale,-2.90,
07/22/2024,07/24/2024,1576 FINEST DELI,Groceries,Sale,-8.99,
07/22/2024,07/23/2024,DUANE READE #14236,Health & Wellness,Sale,-8.99,
07/19/2024,07/21/2024,MTA*NYCT PAYGO,Travel,Sale,-2.90,
07/20/2024,07/21/2024,Amazon Prime*RJ5P683I0,Bills & Utilities,Sale,-16.41,
07/18/2024,07/21/2024,MTA*NYCT PAYGO,Travel,Sale,-2.90,
07/18/2024,07/21/2024,MTA*NYCT PAYGO,Travel,Sale,-2.90,
07/18/2024,07/21/2024,MTA*NYCT PAYGO,Travel,Sale,-2.90,
07/19/2024,07/21/2024,OURARING INC.,Shopping,Sale,-5.99,
07/19/2024,07/21/2024,APPLE.COM/BILL,Shopping,Sale,-98.99,
07/16/2024,07/18/2024,MTA*NYCT PAYGO,Travel,Sale,-2.90,
07/16/2024,07/18/2024,MTA*NYCT PAYGO,Travel,Sale,-2.90,
07/16/2024,07/16/2024,Whole Foods Market ONE,Groceries,Sale,-42.73,
07/14/2024,07/15/2024,TST* HUTCH AND WALDO 81ST,Food & Drink,Sale,-18.15,
07/13/2024,07/15/2024,MTA*NYCT PAYGO,Travel,Sale,-2.90,
07/11/2024,07/14/2024,MTA*NYCT PAYGO,Travel,Sale,-2.90,
07/12/2024,07/14/2024,1576 FINEST DELI,Groceries,Sale,-13.48,
07/13/2024,07/14/2024,Whole Foods Market ONE,Groceries,Sale,-4.45,
07/11/2024,07/14/2024,1576 FINEST DELI,Groceries,Sale,-6.74,
07/11/2024,07/12/2024,T J MAXX #1208,Shopping,Sale,-15.69,
07/08/2024,07/09/2024,MTA*NYCT PAYGO,Travel,Sale,-2.90,
07/07/2024,07/08/2024,MTA*NYCT PAYGO,Travel,Sale,-2.90,
07/06/2024,07/08/2024,H&amp;M  0102NEW YORK,Shopping,Sale,-29.99,
07/07/2024,07/08/2024,MTA*NYCT PAYGO,Travel,Sale,-2.90,
07/07/2024,07/08/2024,MTA*NYCT PAYGO,Travel,Sale,-2.90,
07/07/2024,07/08/2024,Whole Foods UES 10518,Groceries,Sale,-33.21,
07/07/2024,07/08/2024,MTA*NYCT PAYGO,Travel,Sale,-2.90,
07/07/2024,07/08/2024,MTA*NYCT PAYGO,Travel,Sale,-2.90,
07/05/2024,07/07/2024,MTA*NYCT PAYGO,Travel,Sale,-2.90,
07/06/2024,07/07/2024,MTA*NYCT PAYGO,Travel,Sale,-2.90,
07/06/2024,07/07/2024,Payment Thank You-Mobile,,Payment,1303.55,
07/06/2024,07/07/2024,MTA*NYCT PAYGO,Travel,Sale,-2.90,
07/04/2024,07/05/2024,T J MAXX #1208,Shopping,Sale,-14.13,
07/04/2024,07/05/2024,GEICO  *AUTO,Bills & Utilities,Sale,-17.16,
07/04/2024,07/05/2024,MTA*NYCT PAYGO,Travel,Sale,-2.90,
07/04/2024,07/04/2024,AMAZON MKTPL*R72DW4A42,Shopping,Sale,-100.40,
07/03/2024,07/03/2024,Whole Foods Market ONE,Groceries,Sale,-31.55,
07/02/2024,07/03/2024,MTA*NYCT PAYGO,Travel,Sale,-2.90,
07/01/2024,07/03/2024,MTA*NYCT PAYGO,Travel,Sale,-2.90,
07/01/2024,07/02/2024,MTA*NYCT PAYGO,Travel,Sale,-2.90,
06/30/2024,07/01/2024,Whole Foods Market ONE,Groceries,Sale,-8.63,
06/30/2024,07/01/2024,MTA*NYCT PAYGO,Travel,Sale,-2.90,
06/30/2024,07/01/2024,MTA*NYCT PAYGO,Travel,Sale,-2.90,
06/30/2024,07/01/2024,DD DOORDASH IMILKY,Food & Drink,Sale,-16.10,
06/30/2024,07/01/2024,Whole Foods Market ONE,Groceries,Sale,-5.28,
06/29/2024,06/30/2024,MTA*NYCT PAYGO,Travel,Sale,-2.90,
06/28/2024,06/30/2024,MTA*NYCT PAYGO,Travel,Sale,-2.10,
06/28/2024,06/30/2024,MTA*NYCT PAYGO,Travel,Sale,-2.90,
06/29/2024,06/30/2024,MTA*NYCT PAYGO,Travel,Sale,-2.90,
06/28/2024,06/30/2024,MTA*NYCT PAYGO,Travel,Sale,-2.90,
06/29/2024,06/30/2024,MTA*NYCT PAYGO,Travel,Sale,-2.90,
06/27/2024,06/28/2024,AMAZON MKTPL*RC49Q1391,Shopping,Sale,-72.00,
06/26/2024,06/27/2024,MTA*NYCT PAYGO,Travel,Sale,-2.90,
06/25/2024,06/27/2024,MTA*NYCT PAYGO,Travel,Sale,-2.90,
06/25/2024,06/27/2024,MTA*NYCT PAYGO,Travel,Sale,-2.90,
06/26/2024,06/27/2024,MTA*NYCT PAYGO,Travel,Sale,-2.90,
06/23/2024,06/25/2024,MTA*NYCT PAYGO,Travel,Sale,-2.90,
06/24/2024,06/25/2024,Whole Foods Market ONE,Groceries,Sale,-11.28,
06/23/2024,06/25/2024,MTA*NYCT PAYGO,Travel,Sale,-2.90,
06/23/2024,06/25/2024,MTA*NYCT PAYGO,Travel,Sale,-2.90,
06/23/2024,06/24/2024,MTA*NYCT PAYGO,Travel,Sale,-2.90,
06/22/2024,06/24/2024,MTA*NYCT PAYGO,Travel,Sale,-2.90,
06/22/2024,06/23/2024,MTA*NYCT PAYGO,Travel,Sale,-2.90,
06/22/2024,06/23/2024,Whole Foods Market ONE,Groceries,Sale,-38.63,
06/20/2024,06/21/2024,Amazon Prime*ZX0L867G3,Bills & Utilities,Sale,-16.41,
06/19/2024,06/20/2024,MTA*NYCT PAYGO,Travel,Sale,-2.90,
06/19/2024,06/20/2024,OURARING INC.,Shopping,Sale,-5.99,
06/18/2024,06/20/2024,MTA*NYCT PAYGO,Travel,Sale,-2.90,
06/19/2024,06/20/2024,NJT MOBILE    30010003,Travel,Sale,-16.00,
06/18/2024,06/19/2024,AMAZON MKTPL*EA2N89MA3,Shopping,Sale,-40.24,
06/17/2024,06/19/2024,MTA*NYCT PAYGO,Travel,Sale,-2.90,
06/17/2024,06/19/2024,MTA*NYCT PAYGO,Travel,Sale,-2.90,
06/18/2024,06/19/2024,Whole Foods Market ONE,Groceries,Sale,-3.03,
06/16/2024,06/18/2024,MTA*NYCT PAYGO,Travel,Sale,-2.90,
06/15/2024,06/17/2024,MTA*NYCT PAYGO,Travel,Sale,-2.90,
06/15/2024,06/17/2024,MTA*NYCT PAYGO,Travel,Sale,-2.90,
06/16/2024,06/17/2024,MTA*NYCT PAYGO,Travel,Sale,-2.90,
06/13/2024,06/16/2024,MTA*NYCT PAYGO,Travel,Sale,-2.90,
06/13/2024,06/16/2024,MTA*NYCT PAYGO,Travel,Sale,-2.90,
06/15/2024,06/16/2024,MTA*NYCT PAYGO,Travel,Sale,-2.90,
06/13/2024,06/16/2024,MTA*NYCT PAYGO,Travel,Sale,-2.90,
06/14/2024,06/16/2024,MTA*NYCT PAYGO,Travel,Sale,-2.10,
06/15/2024,06/16/2024,MTA*NYCT PAYGO,Travel,Sale,-2.90,
06/13/2024,06/14/2024,TARGET        00033803,Shopping,Sale,-3.26,
06/13/2024,06/13/2024,AMZN Mktp US*0U8KB80Z3,Shopping,Sale,-6.52,
06/12/2024,06/13/2024,AMZN Mktp US*TN59N5OF3,Shopping,Sale,-39.67,
06/11/2024,06/13/2024,MTA*NYCT PAYGO,Travel,Sale,-2.90,
06/11/2024,06/13/2024,TRADER JOE S #544,Groceries,Sale,-46.08,
06/11/2024,06/13/2024,MTA*NYCT PAYGO,Travel,Sale,-2.90,
06/12/2024,06/13/2024,AMZN Mktp US*LM98Y4WJ3,Shopping,Sale,-26.97,
06/11/2024,06/12/2024,Amazon.com*GO8MC3X73,Shopping,Sale,-31.09,
06/10/2024,06/12/2024,MTA*NYCT PAYGO,Travel,Sale,-2.90,
06/11/2024,06/12/2024,Whole Foods Market ONE,Groceries,Sale,-13.48,
06/10/2024,06/12/2024,MTA*NYCT PAYGO,Travel,Sale,-2.90,
06/12/2024,06/12/2024,AMZN Mktp US*ZW0EJ93Z3,Shopping,Sale,-76.20,
06/11/2024,06/11/2024,AUTOMATIC PAYMENT - THANK,,Payment,810.57,
06/09/2024,06/11/2024,MTA*NYCT PAYGO,Travel,Sale,-2.90,
06/09/2024,06/11/2024,1576 FINEST DELI,Groceries,Sale,-6.74,
06/09/2024,06/11/2024,MTA*NYCT PAYGO,Travel,Sale,-2.90,
06/09/2024,06/11/2024,MTA*NYCT PAYGO,Travel,Sale,-2.90,
06/08/2024,06/10/2024,MTA*NYCT PAYGO,Travel,Sale,-2.90,
06/08/2024,06/09/2024,Whole Foods Market ONE,Groceries,Sale,-13.96,
06/07/2024,06/09/2024,MTA*NYCT PAYGO,Travel,Sale,-2.10,
06/08/2024,06/09/2024,DD *LAPANINERIA,Food & Drink,Sale,-11.89,
06/06/2024,06/09/2024,MTA*NYCT PAYGO,Travel,Sale,-2.90,
06/05/2024,06/07/2024,MTA*NYCT PAYGO,Travel,Sale,-2.90,
06/05/2024,06/06/2024,AMZN Mktp US*ZN4AU9JC3,Shopping,Sale,-74.01,
06/05/2024,06/06/2024,AMZN Mktp US*AS6F358I3,Shopping,Sale,-71.82,
06/04/2024,06/06/2024,MTA*NYCT PAYGO,Travel,Sale,-2.90,
06/05/2024,06/06/2024,MTA*NYCT PAYGO,Travel,Sale,-2.90,
06/03/2024,06/05/2024,MTA*NYCT PAYGO,Travel,Sale,-2.90,
06/03/2024,06/05/2024,MTA*NYCT PAYGO,Travel,Sale,-2.90,
06/04/2024,06/05/2024,GEICO  *AUTO,Bills & Utilities,Sale,-19.71,
06/02/2024,06/04/2024,MTA*NYCT PAYGO,Travel,Sale,-2.90,
06/02/2024,06/04/2024,MTA*NYCT PAYGO,Travel,Sale,-2.90,
06/02/2024,06/04/2024,MTA*NYCT PAYGO,Travel,Sale,-2.90,
06/02/2024,06/04/2024,MTA*NYCT PAYGO,Travel,Sale,-2.90,
06/02/2024,06/03/2024,PATH TAPP PAYGO CP,Travel,Sale,-2.75,
06/01/2024,06/03/2024,MTA*NYCT PAYGO,Travel,Sale,-2.90,
06/03/2024,06/03/2024,PATH TAPP PAYGO CP,Travel,Sale,-2.75,
05/31/2024,06/02/2024,AMZN Mktp US*W34BZ3O03,Shopping,Sale,-351.94,
06/01/2024,06/02/2024,SQ *OSLO COFFEE - UES,Food & Drink,Sale,-4.25,
05/31/2024,06/02/2024,I LOVE LA T1 LAX,Groceries,Sale,-4.35,
06/01/2024,06/02/2024,SQ *MIMIS PIZZA,Food & Drink,Sale,-7.30,
05/30/2024,05/31/2024,Amazon.com*JA19T3NF3,Shopping,Sale,-39.18,
05/30/2024,05/30/2024,WF WAYFAIR2978724327,Home,Sale,-125.20,
05/29/2024,05/30/2024,Amazon.com*M424F6M83,Shopping,Sale,-212.28,
05/27/2024,05/29/2024,CARLS JR 310,Food & Drink,Sale,-5.81,
05/19/2024,05/20/2024,SQ *YELLOW VASE-RB,Food & Drink,Sale,-26.74,
05/20/2024,05/20/2024,Amazon Prime*G47RX9A43,Bills & Utilities,Sale,-16.41,
05/19/2024,05/20/2024,OURARING INC.,Shopping,Sale,-5.99,
05/11/2024,05/12/2024,AMC 9640 ONLINE,Entertainment,Sale,-44.98,
05/10/2024,05/10/2024,AUTOMATIC PAYMENT - THANK,,Payment,819.21,
05/08/2024,05/08/2024,Payment Thank You-Mobile,,Payment,40.00,
05/02/2024,05/05/2024,THE HOME DEPOT 603,Home,Sale,-8.56,
05/04/2024,05/05/2024,GEICO  *AUTO,Bills & Utilities,Sale,-160.67,
05/04/2024,05/05/2024,USPS CHANGE OF ADDRESS,Shopping,Sale,-1.10,
05/01/2024,05/03/2024,CLCKPAY*20 BROAD STREET O,Professional Services,Sale,-20.50,
04/30/2024,05/01/2024,AMZN Mktp US*VF8LA62K3,Shopping,Sale,-7.53,
04/29/2024,04/30/2024,Amazon.com*AK4V03RN3,Shopping,Sale,-5.92,
04/29/2024,04/30/2024,Whole Foods UES 10518,Groceries,Sale,-63.45,
04/26/2024,04/28/2024,THE HOME DEPOT 620,Home,Sale,-24.21,
04/27/2024,04/28/2024,SQ *LITTLE FRENCH BAKERY,Food & Drink,Sale,-11.27,
04/25/2024,04/26/2024,Subway 45790,Food & Drink,Sale,-8.81,
04/22/2024,04/22/2024,SQ *COACHELLA VALLEY MUSI,Food & Drink,Sale,-6.52,
04/21/2024,04/22/2024,SQ *COACHELLA VALLEY MUSI,Food & Drink,Sale,-15.17,
04/21/2024,04/22/2024,UBR POSTMATES,Food & Drink,Sale,-43.88,
04/21/2024,04/22/2024,SQ *COACHELLA VALLEY MUSI,Food & Drink,Sale,-19.58,
04/21/2024,04/22/2024,SQ *COACHELLA VALLEY MUSI,Food & Drink,Sale,-2.18,
04/19/2024,04/21/2024,SQ *COACHELLA VALLEY MUSI,Food & Drink,Sale,-17.01,
04/19/2024,04/21/2024,SQ *COACHELLA VALLEY MUSI,Food & Drink,Sale,-16.31,
04/19/2024,04/21/2024,OURARING INC.,Shopping,Sale,-5.99,
04/20/2024,04/21/2024,Amazon Prime*WN94O4ZQ3,Bills & Utilities,Sale,-16.41,
04/18/2024,04/21/2024,SPROUTS FARMERS MAR,Groceries,Sale,-12.36,
04/21/2024,04/21/2024,SQ *COACHELLA VALLEY MUSI,Food & Drink,Sale,-21.75,
04/20/2024,04/21/2024,SQ *COACHELLA VALLEY MUSI,Food & Drink,Sale,-8.70,
04/19/2024,04/21/2024,SQ *COACHELLA VALLEY MUSI,Food & Drink,Sale,-26.27,
04/18/2024,04/19/2024,H&amp;M0598,Shopping,Sale,-40.69,
04/19/2024,04/19/2024,Uniqlo USA LLC,Shopping,Sale,-43.89,
04/16/2024,04/18/2024,TRADER JOE S #034,Groceries,Sale,-27.05,
04/17/2024,04/18/2024,Subway 45790,Food & Drink,Sale,-7.71,
04/15/2024,04/16/2024,Subway 45790,Food & Drink,Sale,-7.71,
04/14/2024,04/15/2024,AMZN Mktp US*HL4AD04F3,Shopping,Sale,-15.76,
04/14/2024,04/15/2024,RALPHS #0645,Groceries,Sale,-57.46,
04/15/2024,04/15/2024,PANDA EXPRESS #356 P,Food & Drink,Sale,-41.17,
04/10/2024,04/12/2024,TRADER JOE S #034,Groceries,Sale,-11.26,
04/11/2024,04/11/2024,AUTOMATIC PAYMENT - THANK,,Payment,576.34,
04/09/2024,04/10/2024,FIRST CLASS VENDING 80051,Food & Drink,Sale,-1.85,
04/04/2024,04/05/2024,DD DOORDASH MUNA,Food & Drink,Sale,-36.56,
04/04/2024,04/05/2024,GEICO  *AUTO,Bills & Utilities,Sale,-152.83,
04/02/2024,04/04/2024,TRADER JOE S #034,Groceries,Sale,-11.47,
03/31/2024,04/01/2024,CVS/PHARMACY #10795,Health & Wellness,Sale,-8.99,
03/30/2024,04/01/2024,KIEHL'S DEL AMO,Shopping,Sale,-73.70,
03/29/2024,03/31/2024,HERMOSA BEACH PARKING MO,Travel,Sale,-3.45,
03/29/2024,03/29/2024,SP COTOPAXI,Shopping,Sale,-118.26,
03/27/2024,03/28/2024,LA CARNICERIA MEAT MARKE,Groceries,Sale,-9.37,
03/26/2024,03/26/2024,WWW.THEORI* EL SEGUNDO,Food & Drink,Sale,-16.37,
03/25/2024,03/26/2024,WHOLEFDS PCH 10225,Groceries,Sale,-28.76,
03/21/2024,03/24/2024,TRADER JOE S #034,Groceries,Sale,-21.81,
03/19/2024,03/20/2024,OURARING INC.,Shopping,Sale,-5.99,
03/20/2024,03/20/2024,Amazon Prime*RH0O011C2,Bills & Utilities,Sale,-16.41,
03/18/2024,03/20/2024,TRADER JOE S #121,Groceries,Sale,-3.56,
03/19/2024,03/19/2024,Uniqlo USA LLC,Shopping,Sale,-98.88,
03/17/2024,03/18/2024,GUSHI,Food & Drink,Sale,-42.54,
03/16/2024,03/18/2024,JIFFY LUBE #2000,Automotive,Sale,-139.06,
03/16/2024,03/17/2024,TOTAL WINE AND MORE,Food & Drink,Sale,-51.60,
03/15/2024,03/17/2024,DING TEA HAWTHORNE,Food & Drink,Sale,-6.49,
03/11/2024,03/13/2024,JFK T5 FC H AND H BAGELS,Food & Drink,Sale,-16.32,
03/11/2024,03/13/2024,MTA*NYCT PAYGO,Travel,Sale,-8.50,
03/11/2024,03/13/2024,MTA*NYCT PAYGO,Travel,Sale,-2.10,
03/11/2024,03/13/2024,MTA*NYCT PAYGO,Travel,Sale,-2.90,
03/11/2024,03/13/2024,MTA*NYCT PAYGO,Travel,Sale,-2.90,
03/11/2024,03/12/2024,BRYANT PK MARKET ST237,Shopping,Sale,-3.84,
03/11/2024,03/12/2024,AMAZON PRIME*R66HE2OV2,Shopping,Sale,-3.99,
03/10/2024,03/11/2024,MTA*NYCT PAYGO,Travel,Sale,-2.90,
03/10/2024,03/11/2024,MTA*NYCT PAYGO,Travel,Sale,-2.90,
03/10/2024,03/11/2024,MTA*NYCT PAYGO,Travel,Sale,-2.90,
03/09/2024,03/11/2024,MTA*NYCT PAYGO,Travel,Sale,-2.90,
03/10/2024,03/11/2024,MTA*NYCT PAYGO,Travel,Sale,-2.90,
03/10/2024,03/11/2024,DRIGGS MERCANTILE LLC,Shopping,Sale,-37.02,
03/10/2024,03/11/2024,MTA*NYCT PAYGO,Travel,Sale,-2.90,
03/09/2024,03/10/2024,MTA*NYCT PAYGO,Travel,Sale,-2.90,
03/08/2024,03/10/2024,MTA*NYCT PAYGO,Travel,Sale,-2.90,
03/09/2024,03/10/2024,MTA*NYCT PAYGO,Travel,Sale,-2.90,
03/08/2024,03/10/2024,MTA*NYCT PAYGO,Travel,Sale,-2.90,
03/07/2024,03/08/2024,SQ *HOUSING WORKS THRIFT,Shopping,Sale,-10.89,
03/07/2024,03/07/2024,Payment Thank You - Web,,Payment,336.12,
03/06/2024,03/07/2024,CVS/PHARMACY #09513,Health & Wellness,Sale,-33.35,
03/04/2024,03/05/2024,GEICO  *AUTO,Bills & Utilities,Sale,-152.85,
03/03/2024,03/04/2024,SUPERCUTS CA 81077,Personal,Sale,-34.00,
03/01/2024,03/03/2024,FOOD4LESS 0377,Groceries,Sale,-7.45,
02/29/2024,03/01/2024,UCLA PHYSICIANS,Health & Wellness,Sale,-30.00,
03/01/2024,03/01/2024,Prime Video Channels,Shopping,Sale,-3.98,
02/29/2024,03/01/2024,AMZN Mktp US*RW5OP4RR1,Shopping,Sale,-10.94,
02/25/2024,02/27/2024,2DIGNITY HEALTH CONC,Food & Drink,Sale,-9.93,
02/26/2024,02/27/2024,Amazon.com*RW1QH0992,Shopping,Sale,-13.13,
02/25/2024,02/27/2024,2DIGNITY HEALTH CONC,Food & Drink,Sale,-41.88,
02/24/2024,02/26/2024,VONS #1623,Groceries,Sale,-39.56,
02/23/2024,02/25/2024,BEST BUY      00015115,Shopping,Sale,-21.89,
02/20/2024,02/21/2024,JETBLUE     2794439305742,Travel,Sale,-19.00,
02/19/2024,02/21/2024,IAD FORBES D-D22,Shopping,Sale,-3.52,
02/20/2024,02/20/2024,Amazon Prime*RW50C9CD2,Bills & Utilities,Sale,-16.41,
02/19/2024,02/20/2024,OURARING INC.,Shopping,Sale,-5.99,
02/14/2024,02/15/2024,ZACHARY RUFF,Health & Wellness,Sale,-15.00,
02/07/2024,02/09/2024,DEVIL AND ANGEL DEL AMO,Food & Drink,Sale,-6.00,
02/07/2024,02/08/2024,AMZN Mktp US*RB9NL1TA2,Shopping,Sale,-9.84,
02/06/2024,02/07/2024,Amazon.com*R272G6SP1,Shopping,Sale,-9.98,
02/06/2024,02/07/2024,Amazon.com*RB1D535V0,Shopping,Sale,-8.19,
02/06/2024,02/07/2024,AMZN Mktp US*RB11B0MG0,Shopping,Sale,-14.22,
02/04/2024,02/05/2024,GEICO  *AUTO,Bills & Utilities,Sale,-152.85,
02/04/2024,02/05/2024,Amazon.com*R29VY6KY2,Shopping,Sale,-10.76,
02/03/2024,02/04/2024,AMZN Mktp US*RB70V8FK0,Shopping,Sale,-12.88,
02/02/2024,02/02/2024,FATTO A MA* FATTO A MA,Food & Drink,Sale,-36.03,
02/01/2024,02/02/2024,AMZN Mktp US*R24341SP0,Shopping,Sale,-9.84,
02/02/2024,02/02/2024,Payment Thank You-Mobile,,Payment,1518.82,
01/31/2024,02/01/2024,ZACHARY RUFF,Health & Wellness,Sale,-30.00,
01/31/2024,02/01/2024,AMZN Mktp US*R21XS7JJ2,Shopping,Sale,-35.53,
01/29/2024,01/30/2024,AMZN Mktp US*R05QD9752,Shopping,Sale,-13.56,
01/29/2024,01/30/2024,AMZN Mktp US*R072C6IW2,Shopping,Sale,-17.22,
01/20/2024,01/21/2024,STARBUCKS 800-782-7282,Food & Drink,Sale,-25.00,
01/19/2024,01/21/2024,OURARING INC.,Shopping,Sale,-5.99,
01/20/2024,01/21/2024,Amazon Prime*R85DA3381,Bills & Utilities,Sale,-16.41,
01/18/2024,01/19/2024,AMZN Mktp US*R86S387I0,Shopping,Sale,-7.65,
01/18/2024,01/19/2024,DD DOORDASH BOQUERIA,Food & Drink,Sale,-50.04,
01/13/2024,01/15/2024,PARTY CITY 669,Shopping,Sale,-1.65,
01/14/2024,01/15/2024,I CAN BARBECUE TUSTIN,Food & Drink,Sale,-90.81,
01/13/2024,01/15/2024,REDONDO LIQUOR AND MARKE,Groceries,Sale,-18.56,
01/13/2024,01/14/2024,CITY OF INGLEWOOD,Travel,Sale,-1.00,
01/12/2024,01/14/2024,TRADER JOE S #034,Groceries,Sale,-25.92,
01/13/2024,01/14/2024,AWAKENING COFFEE SHOP,Food & Drink,Sale,-9.50,
01/11/2024,01/14/2024,VALENTINOS PIZZA,Food & Drink,Sale,-8.65,
01/12/2024,01/12/2024,PREPLY INC.,Shopping,Sale,-176.40,
01/09/2024,01/10/2024,RITE AID 05482,Health & Wellness,Sale,-10.87,
01/08/2024,01/10/2024,TRADER JOE S #248,Groceries,Sale,-15.27,
01/08/2024,01/09/2024,UCLA TOR SKYPARK PC,Health & Wellness,Sale,-15.00,
01/08/2024,01/09/2024,RALPHS 0166,Groceries,Sale,-17.97,
01/08/2024,01/09/2024,SQ *EXHALE PHYSICAL THERA,Health & Wellness,Sale,-15.00,
01/08/2024,01/09/2024,AMZN Mktp US*RT4B081E0,Shopping,Sale,-32.84,
01/08/2024,01/08/2024,SP YOUNG THE GIANT,Shopping,Sale,-29.35,
01/07/2024,01/08/2024,DEL AMO FASHION CENTER,Food & Drink,Sale,-5.63,
01/07/2024,01/08/2024,Uniqlo USA LLC,Shopping,Sale,-43.88,
01/07/2024,01/08/2024,NORDSTROM #0342,Food & Drink,Sale,-5.90,
01/07/2024,01/08/2024,AMZN Mktp US*RT2LE2Z30,Shopping,Sale,-10.91,
01/04/2024,01/07/2024,TRADER JOE S #248,Groceries,Sale,-39.19,
01/04/2024,01/05/2024,GEICO  *AUTO,Bills & Utilities,Sale,-152.85,
01/02/2024,01/02/2024,Payment Thank You - Web,,Payment,2000.00,
01/01/2024,01/02/2024,COLDSTONE 20691,Food & Drink,Sale,-19.35,
12/31/2023,01/01/2024,SOUTHERN SPICE INDIAN,Food & Drink,Sale,-91.39,
